Package,APK_Path,Category,Risk_Score
android,/system/framework/framework-res.apk,Other,0
android.auto_generated_rro_product__,/product/overlay/framework-res__fogo_g__auto_generated_rro_product.apk,Other,0
android.auto_generated_rro_vendor__,/vendor/overlay/framework-res__auto_generated_rro_vendor.apk,Other,0
cci.usage,/product/priv-app/myCC/myCC.apk,Other,0
com.amazon.appmanager,/product/priv-app/AmazonAppManager/AmazonAppManager.apk,Other,0
com.android.avatarpicker,/system/priv-app/AvatarPicker/AvatarPicker.apk,Other,0
com.android.backupconfirm,/system/priv-app/BackupRestoreConfirmation/BackupRestoreConfirmation.apk,Other,0
com.android.bips,/system/priv-app/BuiltInPrintService/BuiltInPrintService.apk,Other,0
com.android.bluetooth,/apex/com.android.btservices/app/Bluetooth@V1UFN35M.193-20/Bluetooth.apk,Other,0
com.android.bluetoothmidiservice,/system/app/BluetoothMidiService/BluetoothMidiService.apk,Other,0
com.android.bookmarkprovider,/system/app/BookmarkProvider/BookmarkProvider.apk,Other,0
com.android.calllogbackup,/system/priv-app/CallLogBackup/CallLogBackup.apk,Other,0
com.android.cameraextensions,/system/app/CameraExtensionsProxy/CameraExtensionsProxy.apk,Other,0
com.android.carrierconfig,/system_ext/priv-app/CarrierConfig/CarrierConfig.apk,Other,0
com.android.carrierdefaultapp,/system/app/CarrierDefaultApp/CarrierDefaultApp.apk,Other,0
com.android.cellbroadcast.overlay,/product/overlay/MotoCellBroadcastReceiverOverlay.apk,Other,0
com.android.cellbroadcastreceiver,/system/priv-app/CellBroadcastLegacyApp/CellBroadcastLegacyApp.apk,Other,0
com.android.cellbroadcastservice.overlay,/product/overlay/MotoCellBroadcastServiceOverlay.apk,Other,0
com.android.certinstaller,/system/app/CertInstaller/CertInstaller.apk,Other,0
com.android.companiondevicemanager,/system/app/CompanionDeviceManager/CompanionDeviceManager.apk,Other,0
com.android.contacts,/product/priv-app/Contacts/Contacts.apk,Other,0
com.android.credentialmanager,/system/priv-app/CredentialManager/CredentialManager.apk,Other,0
com.android.cts.ctsshim,/apex/com.android.apex.cts.shim/app/CtsShim@MAIN/CtsShim.apk,Other,0
com.android.cts.priv.ctsshim,/apex/com.android.apex.cts.shim/priv-app/CtsShimPriv@MAIN/CtsShimPriv.apk,Other,0
com.android.DeviceAsWebcam,/system/priv-app/DeviceAsWebcam/DeviceAsWebcam.apk,Other,0
com.android.devicediagnostics,/system/priv-app/DeviceDiagnostics/DeviceDiagnostics.apk,Other,0
com.android.dialer,/product/priv-app/Dialer/Dialer.apk,Other,0
com.android.dreams.basic,/system/app/BasicDreams/BasicDreams.apk,Other,0
com.android.dynsystem,/system/priv-app/DynamicSystemInstallationService/DynamicSystemInstallationService.apk,Other,0
com.android.egg,/system/app/EasterEgg/EasterEgg.apk,Other,0
com.android.emergency,/system_ext/priv-app/EmergencyInfoGms/EmergencyInfoGms.apk,Other,0
com.android.externalstorage,/system/priv-app/ExternalStorageProvider/ExternalStorageProvider.apk,Other,0
com.android.hotwordenrollment.okgoogle,/product/priv-app/HotwordEnrollmentOKGoogleHEXAGON_WIDEBAND/HotwordEnrollmentOKGoogleHEXAGON_WIDEBAND.apk,Other,0
com.android.hotwordenrollment.xgoogle,/product/priv-app/HotwordEnrollmentXGoogleHEXAGON_WIDEBAND/HotwordEnrollmentXGoogleHEXAGON_WIDEBAND.apk,Other,0
com.android.htmlviewer,/system/app/HTMLViewer/HTMLViewer.apk,Other,0
com.android.imsserviceentitlement,/product/priv-app/ImsServiceEntitlement/ImsServiceEntitlement.apk,Other,0
com.android.inputdevices,/system/priv-app/InputDevices/InputDevices.apk,Other,0
com.android.intentresolver,/system/priv-app/IntentResolver/IntentResolver.apk,Other,0
com.android.internal.display.cutout.emulation.corner,/product/overlay/DisplayCutoutEmulationCorner/DisplayCutoutEmulationCornerOverlay.apk,Other,0
com.android.internal.display.cutout.emulation.double,/product/overlay/DisplayCutoutEmulationDouble/DisplayCutoutEmulationDoubleOverlay.apk,Other,0
com.android.internal.display.cutout.emulation.hole,/product/overlay/DisplayCutoutEmulationHole/DisplayCutoutEmulationHoleOverlay.apk,Other,0
com.android.internal.display.cutout.emulation.noCutout,/product/overlay/DisplayCutoutEmulationNoCutout/DisplayCutoutEmulationNoCutoutOverlay.apk,Other,0
com.android.internal.display.cutout.emulation.tall,/product/overlay/DisplayCutoutEmulationTall/DisplayCutoutEmulationTallOverlay.apk,Other,0
com.android.internal.display.cutout.emulation.waterfall,/product/overlay/DisplayCutoutEmulationWaterfall/DisplayCutoutEmulationWaterfallOverlay.apk,Other,0
com.android.internal.systemui.navbar.gestural,/product/overlay/NavigationBarModeGestural/NavigationBarModeGesturalOverlay.apk,Other,0
com.android.internal.systemui.navbar.hidegestural,/product/overlay/NavigationBarModeHideGestural/NavigationBarModeHideGesturalOverlay.apk,Other,0
com.android.internal.systemui.navbar.threebutton,/product/overlay/NavigationBarMode3Button/NavigationBarMode3ButtonOverlay.apk,Other,0
com.android.internal.systemui.navbar.transparent,/product/overlay/TransparentNavigationBar/TransparentNavigationBarOverlay.apk,Other,0
com.android.keychain,/system/app/KeyChain/KeyChain.apk,Other,0
com.android.localtransport,/system/priv-app/LocalTransport/LocalTransport.apk,Other,0
com.android.location.fused,/system/priv-app/FusedLocation/FusedLocation.apk,Other,0
com.android.managedprovisioning,/system/priv-app/ManagedProvisioning/ManagedProvisioning.apk,Other,0
com.android.mms.service,/system/priv-app/MmsService/MmsService.apk,Other,0
com.android.mtp,/system/priv-app/MtpService/MtpService.apk,Other,0
com.android.nfc,/system_ext/priv-app/NQNfcNci/NQNfcNci.apk,Other,0
com.android.ons,/system/priv-app/ONS/ONS.apk,Other,0
com.android.pacprocessor,/system/app/PacProcessor/PacProcessor.apk,Other,0
com.android.phone,/system/priv-app/TeleService/TeleService.apk,Other,0
com.android.phone.overlay.carriersettings,/product/overlay/TeleServiceCarrierSettingsRRO.apk,Other,0
com.android.phone.overlay.common,/product/overlay/TelephonyResCommonQcomRRO.apk,Other,0
com.android.phone.overlay.motcommon,/product/overlay/TelephonyResMotCommon.apk,Other,0
com.android.printspooler,/system/app/PrintSpooler/PrintSpooler.apk,Other,0
com.android.providers.blockednumber,/system/priv-app/BlockedNumberProvider/BlockedNumberProvider.apk,Other,0
com.android.providers.calendar,/system/priv-app/CalendarProvider/CalendarProvider.apk,Other,0
com.android.providers.contactkeys,/system/priv-app/E2eeContactKeysProvider/E2eeContactKeysProvider.apk,Other,0
com.android.providers.contacts,/system/priv-app/ContactsProvider/ContactsProvider.apk,Other,0
com.android.providers.downloads,/system/priv-app/DownloadProvider/DownloadProvider.apk,Other,0
com.android.providers.downloads.ui,/system/priv-app/DownloadProviderUi/DownloadProviderUi.apk,Other,0
com.android.providers.media,/system/priv-app/MediaProviderLegacy/MediaProviderLegacy.apk,Other,0
com.android.providers.partnerbookmarks,/system/priv-app/PartnerBookmarksProvider/PartnerBookmarksProvider.apk,Other,0
com.android.providers.settings,/system/priv-app/SettingsProvider/SettingsProvider.apk,Other,0
com.android.providers.settings.auto_generated_rro_product__,/product/overlay/SettingsProvider__fogo_g__auto_generated_rro_product.apk,Other,0
com.android.providers.settings.overlay.tmo,/product/overlay/SettingsProvider-rro-tmo.apk,Other,0
com.android.providers.telephony,/system/priv-app/TelephonyProvider/TelephonyProvider.apk,Other,0
com.android.providers.telephony.overlay.carriersettings,/product/overlay/TelephonyProviderCarrierSettingsRRO.apk,Other,0
com.android.providers.userdictionary,/system/priv-app/UserDictionaryProvider/UserDictionaryProvider.apk,Other,0
com.android.proxyhandler,/system/priv-app/ProxyHandler/ProxyHandler.apk,Other,0
com.android.rkpdapp,/apex/com.android.rkpd/priv-app/rkpdapp@V1UFN35M.193-20/rkpdapp.apk,Other,0
com.android.role.notes.enabled,/product/overlay/NotesRoleEnabled/NotesRoleEnabledOverlay.apk,Other,0
com.android.se,/system/app/SecureElement/SecureElement.apk,Other,0
com.android.server.telecom,/system/priv-app/Telecom/Telecom.apk,Other,0
com.android.settings,/system_ext/priv-app/SettingsMoto/SettingsMoto.apk,Other,0
com.android.settings.auto_generated_rro_product__,/product/overlay/SettingsMoto__fogo_g__auto_generated_rro_product.apk,Other,0
com.android.settings.intelligence,/product/priv-app/SettingsIntelligence/SettingsIntelligence.apk,Other,0
com.android.sharedstoragebackup,/system/priv-app/SharedStorageBackup/SharedStorageBackup.apk,Other,0
com.android.shell,/system/priv-app/Shell/Shell.apk,Other,0
com.android.simappdialog,/system/app/SimAppDialog/SimAppDialog.apk,Other,0
com.android.smspush,/system_ext/app/WAPPushManager/WAPPushManager.apk,Other,0
com.android.soundpicker,/system/priv-app/SoundPicker/SoundPicker.apk,Other,0
com.android.stk,/system/app/Stk/Stk.apk,Other,0
com.android.storagemanager,/system_ext/priv-app/StorageManager/StorageManager.apk,Other,0
com.android.systemui,/system_ext/priv-app/SystemUI/SystemUI.apk,Other,0
com.android.systemui.accessibility.accessibilitymenu,/system_ext/app/AccessibilityMenu/AccessibilityMenu.apk,Other,0
com.android.systemui.accessibility.accessibilitymenu.auto_generated_rro_product__,/product/overlay/AccessibilityMenu__fogo_g__auto_generated_rro_product.apk,Other,0
com.android.systemui.auto_generated_rro_product__,/product/overlay/SystemUI__fogo_g__auto_generated_rro_product.apk,Other,0
com.android.systemui.auto_generated_rro_vendor__,/vendor/overlay/SystemUI__auto_generated_rro_vendor.apk,Other,0
com.android.systemui.plugin.globalactions.wallet,/system_ext/priv-app/QuickAccessWallet/QuickAccessWallet.apk,Other,0
com.android.theme.font.Exo2Regular,/product/overlay/FontExo2RegularSource/FontExo2RegularSourceOverlay.apk,Other,0
com.android.theme.font.RobotoSlabRegular,/product/overlay/FontRobotoSlabRegular/FontRobotoSlabRegularOverlay.apk,Other,0
com.android.theme.font.RookeryRegular,/product/overlay/FontRookeryRegular/FontRookeryRegularOverlay.apk,Other,0
com.android.theme.font.SpaceGrotesk,/product/overlay/FontSpaceGroteskSource/FontSpaceGroteskSourceOverlay.apk,Other,0
com.android.theme.font.WorkSans,/product/overlay/FontWorkSansSource/FontWorkSansSourceOverlay.apk,Other,0
com.android.theme.icon.pebble,/product/overlay/IconShapePebble/IconShapePebbleOverlay.apk,Other,0
com.android.theme.icon.round,/product/overlay/IconShapeRound/IconShapeRoundOverlay.apk,Other,0
com.android.theme.icon.roundedrect,/product/overlay/IconShapeRoundedRect/IconShapeRoundedRectOverlay.apk,Other,0
com.android.theme.icon.teardrop,/product/overlay/IconShapeTeardrop/IconShapeTeardropOverlay.apk,Other,0
com.android.traceur,/system/app/Traceur/Traceur.apk,Other,0
com.android.uwb.resources,/apex/com.android.uwb/priv-app/ServiceUwbResources@V1UFN35M.193-20/ServiceUwbResources.apk,Other,0
com.android.virtualmachine.res,/apex/com.android.virt/app/android.system.virtualmachine.res@V1UFN35M.193-20/android.system.virtualmachine.res.apk,Other,0
com.android.vpndialogs,/system/priv-app/VpnDialogs/VpnDialogs.apk,Other,0
com.android.wallpaper.livepicker,/system/priv-app/LiveWallpapersPicker/LiveWallpapersPicker.apk,Other,0
com.android.wallpaperbackup,/system/app/WallpaperBackup/WallpaperBackup.apk,Other,0
com.android.wallpapercropper,/system_ext/priv-app/WallpaperCropper/WallpaperCropper.apk,Other,0
com.android.wifi.resources.overlay.motCommon,/product/overlay/WifiResCommonOverlay.apk,Other,0
com.android.wifi.resources.overlay.WifiResScanCountryCode,/product/overlay/WifiResScanCountryCode.apk,Other,0
com.android.wifi.resources.overlay.WifiTmoOverlay,/product/overlay/WifiTmoOverlay.apk,Other,0
com.att.csoiam.mobilekey,/product/priv-app/AttMobileKey/AttMobileKey.apk,Other,0
com.att.deviceunlock,/product/priv-app/DeviceUnlock/DeviceUnlock.apk,Other,0
com.att.dh,/product/priv-app/AttDeviceHelp/AttDeviceHelp.apk,Other,0
com.att.iqi,/system_ext/priv-app/AttIqi/AttIqi.apk,Other,0
com.att.mobile.android.vvm,/product/priv-app/AttVisualVoicemail/AttVisualVoicemail.apk,Other,0
com.att.personalcloud,/product/priv-app/AttPersonalCloud/AttPersonalCloud.apk,Other,0
com.aura.appadvisor.att,/system/priv-app/AuraAppAdvisorAtt/AuraAppAdvisorAtt.apk,Other,0
com.aura.appadvisor.cricket,/product/app/AuraAppAdvisorCricket/AuraAppAdvisorCricket.apk,Other,0
com.aura.jet.att,/system/app/AuraJetAtt/AuraJetAtt.apk,Other,0
com.aura.oobe.dish,/product/priv-app/DishAppCloud/DishAppCloud.apk,Other,0
com.aura.oobe.motorola,/product/priv-app/AppCloudOobeMotorolaStub/AppCloudOobeMotorolaStub.apk,Other,0
com.aura.oobe.solutions,/product/priv-app/AuraAppServices/AuraAppServices.apk,Other,0
com.aura.services.tmobile,/product/app/AuraServices/AuraServices.apk,Other,0
com.bluetooth.aptxmode,/system_ext/priv-app/MotoBtAptxMode/MotoBtAptxMode.apk,Other,0
com.cricketwireless.minus,/product/priv-app/CricketMinusOne/CricketMinusOne.apk,Other,0
com.cricketwireless.thescoop,/product/app/TheScoop/TheScoop.apk,Other,0
com.dish.vvm,/product/priv-app/DishVVM/DishVVM.apk,Other,0
com.dish.wireless.activation,/product/priv-app/DishNetworkCompanionApp/DishNetworkCompanionApp.apk,Other,0
com.dish.wireless.carrierapp,/product/priv-app/DishCarrierApp/DishCarrierApp.apk,Other,0
com.dish.wireless.installer,/product/priv-app/DishInstallerApp/DishInstallerApp.apk,Other,0
com.dolby.daxservice,/system_ext/priv-app/daxService/daxService.apk,Other,0
com.facebook.appmanager,/product/app/facebook-appmanager/facebook-appmanager.apk,Other,0
com.facebook.services,/product/priv-app/facebook-services/facebook-services.apk,Other,0
com.facebook.system,/product/priv-app/facebook-installer/facebook-installer.apk,Other,0
com.google.android.adservices.api,/apex/com.android.adservices/priv-app/AdServicesApkGoogle@360738140/AdServicesApkGoogle.apk,Other,0
com.google.android.apps.cbrsnetworkmonitor,/product/priv-app/CbrsNetworkMonitor/CbrsNetworkMonitor.apk,Other,0
com.google.android.apps.scone,/product/priv-app/SCONE/SCONE.apk,Other,0
com.google.android.apps.turbo,/product/priv-app/Turbo/Turbo.apk,Other,0
com.google.android.apps.tycho,/product/app/Tycho/Tycho.apk,Other,0
com.google.android.apps.wallpaper,/system_ext/priv-app/GoogleWallpapers/GoogleWallpapers.apk,Other,0
com.google.android.appsearch.apk,/apex/com.android.appsearch/priv-app/com.google.android.appsearch.apk@360743400/com.google.android.appsearch.apk.apk,Other,0
com.google.android.carrier,/product/priv-app/CarrierSettings/CarrierSettings.apk,Other,0
com.google.android.cellbroadcastreceiver,/apex/com.android.cellbroadcast/priv-app/GoogleCellBroadcastApp@360735060/GoogleCellBroadcastApp.apk,Other,0
com.google.android.cellbroadcastservice,/apex/com.android.cellbroadcast/priv-app/GoogleCellBroadcastServiceModule@360735060/GoogleCellBroadcastServiceModule.apk,Other,0
com.google.android.configupdater,/product/priv-app/ConfigUpdater/ConfigUpdater.apk,Other,0
com.google.android.connectivity.resources,/apex/com.android.tethering/priv-app/ServiceConnectivityResourcesGoogle@360743340/ServiceConnectivityResourcesGoogle.apk,Other,0
com.google.android.contacts,/product/app/GoogleContacts/GoogleContacts.apk,Other,0
com.google.android.devicelockcontroller,/apex/com.android.devicelock/priv-app/DeviceLockControllerGoogle@342410000/DeviceLockControllerGoogle.apk,Other,0
com.google.android.dialer,/product/priv-app/GoogleDialer/GoogleDialer.apk,Other,0
com.google.android.ext.services,/apex/com.android.extservices/priv-app/GoogleExtServices@360737100/GoogleExtServices.apk,Other,0
com.google.android.ext.shared,/system/app/GoogleExtShared/GoogleExtShared.apk,Other,0
com.google.android.federatedcompute,/apex/com.android.ondevicepersonalization/app/FederatedComputeGoogle@360738140/FederatedComputeGoogle.apk,Other,0
com.google.android.feedback,/system_ext/priv-app/GoogleFeedback/GoogleFeedback.apk,Other,0
com.google.android.gms.location.history,/product/app/GoogleLocationHistory/GoogleLocationHistory.apk,Other,0
com.google.android.gms.supervision,/product/priv-app/FamilyLinkParentalControls/FamilyLinkParentalControls.apk,Other,0
com.google.android.gsf,/system_ext/priv-app/GoogleServicesFramework/GoogleServicesFramework.apk,Other,0
com.google.android.health.connect.backuprestore,/apex/com.android.healthfitness/app/HealthConnectBackupRestoreGoogle@360745040/HealthConnectBackupRestoreGoogle.apk,Other,0
com.google.android.healthconnect.controller,/apex/com.android.healthfitness/priv-app/HealthConnectControllerGoogle@360745040/HealthConnectControllerGoogle.apk,Other,0
com.google.android.hotspot2.osulogin,/apex/com.android.wifi/app/OsuLoginGoogle@360735060/OsuLoginGoogle.apk,Other,0
com.google.android.networkstack.tethering,/apex/com.android.tethering/priv-app/TetheringGoogle@360743340/TetheringGoogle.apk,Other,0
com.google.android.ondevicepersonalization.services,/apex/com.android.ondevicepersonalization/priv-app/OnDevicePersonalizationGoogle@360738140/OnDevicePersonalizationGoogle.apk,Other,0
com.google.android.onetimeinitializer,/product/priv-app/GoogleOneTimeInitializer/GoogleOneTimeInitializer.apk,Other,0
com.google.android.overlay.devicelockcontroller,/product/overlay/GoogleDeviceLockControllerOverlay.apk,Other,0
com.google.android.overlay.gmsconfig.asi,/product/overlay/GmsConfigOverlayASI.apk,Other,0
com.google.android.overlay.gmsconfig.common,/product/overlay/GmsConfigOverlayCommon.apk,Other,0
com.google.android.overlay.gmsconfig.comms,/product/overlay/GmsConfigOverlayComms.apk,Other,0
com.google.android.overlay.gmsconfig.geotz,/product/overlay/GmsConfigOverlayGeotz.apk,Other,0
com.google.android.overlay.gmsconfig.gsa,/product/overlay/GmsConfigOverlayGSA.apk,Other,0
com.google.android.overlay.gmsconfig.personalsafety,/product/overlay/GmsConfigOverlayPersonalSafety.apk,Other,0
com.google.android.overlay.gmsconfig.photos,/product/overlay/GmsConfigOverlayPhotos.apk,Other,0
com.google.android.overlay.modules.captiveportallogin.forframework,/product/overlay/CaptivePortalLoginFrameworkOverlay.apk,Other,0
com.google.android.overlay.modules.documentsui,/product/overlay/GoogleDocumentsUIOverlay.apk,Other,0
com.google.android.overlay.modules.ext.services,/product/overlay/GoogleExtServicesConfigOverlay.apk,Other,0
com.google.android.overlay.modules.healthfitness.forframework,/product/overlay/GoogleHealthFitnessFrameworkOverlay.apk,Other,0
com.google.android.overlay.modules.modulemetadata.forframework,/product/overlay/ModuleMetadataGoogleOverlay.apk,Other,0
com.google.android.overlay.modules.permissioncontroller,/product/overlay/GooglePermissionControllerOverlay.apk,Other,0
com.google.android.overlay.modules.permissioncontroller.forframework,/product/overlay/GooglePermissionControllerFrameworkOverlay.apk,Other,0
com.google.android.packageinstaller,/system/priv-app/GooglePackageInstaller/GooglePackageInstaller.apk,Other,0
com.google.android.permissioncontroller,/apex/com.android.permission/priv-app/GooglePermissionController@360743220/GooglePermissionController.apk,Other,0
com.google.android.photopicker,/apex/com.android.mediaprovider/priv-app/PhotopickerGoogle@360738280/PhotopickerGoogle.apk,Other,0
com.google.android.printservice.recommendation,/system/app/GooglePrintRecommendationService/GooglePrintRecommendationService.apk,Other,0
com.google.android.providers.media.module,/apex/com.android.mediaprovider/priv-app/MediaProviderGoogle@360738280/MediaProviderGoogle.apk,Other,0
com.google.android.safetycenter.resources,/apex/com.android.permission/priv-app/GoogleSafetyCenterResources@360743220/GoogleSafetyCenterResources.apk,Other,0
com.google.android.sdksandbox,/apex/com.android.adservices/app/SdkSandboxGoogle@360738140/SdkSandboxGoogle.apk,Other,0
com.google.android.server.deviceconfig.resources,/apex/com.android.configinfrastructure/app/DeviceConfigServiceResourcesGoogle@360527560/DeviceConfigServiceResourcesGoogle.apk,Other,0
com.google.android.setupwizard,/system_ext/priv-app/SetupWizard/SetupWizard.apk,Other,0
com.google.android.tag,/system/priv-app/TagGoogle/TagGoogle.apk,Other,0
com.google.android.wfcactivation,/product/priv-app/WfcActivation/WfcActivation.apk,Other,0
com.google.android.wifi.dialog,/apex/com.android.wifi/app/WifiDialogGoogle@360735060/WifiDialogGoogle.apk,Other,0
com.google.android.wifi.resources,/apex/com.android.wifi/priv-app/ServiceWifiResourcesGoogle@360735060/ServiceWifiResourcesGoogle.apk,Other,0
com.lenovo.lsf.user,/product/priv-app/LenovoId/LenovoId.apk,Other,0
com.metropcs.metrozone,/product/priv-app/MetroZone/MetroZone.apk,Other,0
com.mizmowireless.acctmgt,/product/priv-app/MyCricket/MyCricket.apk,Other,0
com.motorola.actions,/product/priv-app/MotoActions/MotoActions.apk,Other,0
com.motorola.actions.overlay,/product/overlay/framework-rro-irservice.apk,Other,0
com.motorola.android.buacloudcontactadapter,/product/priv-app/BuaCloudContactAdapter/BuaCloudContactAdapter.apk,Other,0
com.motorola.android.connectivity.resources.overlay,/product/overlay/MotoServiceConnectivityResOverlay.apk,Other,0
com.motorola.android.contacts.overlay.vzw,/product/overlay/MotoContactsOverlayVZW.apk,Other,0
com.motorola.android.coresettingsext.overlay.doubletap,/product/overlay/MotoCoreSettingsDoubleTapOverlay.apk,Other,0
com.motorola.android.coresettingsext.overlay.fogo,/product/overlay/MotoCoreSettingsExtFogoOverlay.apk,Other,0
com.motorola.android.fmradio,/system_ext/app/FMRadioService/FMRadioService.apk,Other,0
com.motorola.android.fota,/system_ext/priv-app/Fota/Fota.apk,Other,0
com.motorola.android.launcher.overlay.animation.scale,/product/overlay/MotoLauncherAnimationOverlay40.apk,Other,0
com.motorola.android.launcher.overlay.applabeltwolines.cc,/product/overlay/MotoLauncherOverlayAppLabelTwoLinesCC.apk,Other,0
com.motorola.android.launcher.overlay.assurance.rcs.apptray,/product/overlay/folderAssuranceAppTray_google_rcs.apk,Other,0
com.motorola.android.launcher.overlay.att,/product/overlay/MotoLauncherOverlayATT.apk,Other,0
com.motorola.android.launcher.overlay.att.apptray,/product/overlay/FolderAppTray_layout_v02.apk,Other,0
com.motorola.android.launcher.overlay.boost.apptray,/product/overlay/folderBoostAppTray_layout_v02.apk,Other,0
com.motorola.android.launcher.overlay.comcast,/product/overlay/MotoLauncherOverlayComcast.apk,Other,0
com.motorola.android.launcher.overlay.cricket.apptray,/product/overlay/folderCricketAppTray_layout_v02.apk,Other,0
com.motorola.android.launcher.overlay.koodo,/product/overlay/MotoLauncherOverlayKoodo.apk,Other,0
com.motorola.android.launcher.overlay.metropcs.rcs.apptray,/product/overlay/folderMetroAppTray_google_rcs.apk,Other,0
com.motorola.android.launcher.overlay.motolauncheroverlayna,/product/overlay/MotoLauncherOverlayNA.apk,Other,0
com.motorola.android.launcher.overlay.retail.global,/product/overlay/MotoLauncherOverlayRetailGlobal.apk,Other,0
com.motorola.android.launcher.overlay.telus,/product/overlay/MotoLauncherOverlayTelus.apk,Other,0
com.motorola.android.launcher.overlay.tmo.rcs.apptray,/product/overlay/folderTmoAppTray_google_rcs.apk,Other,0
com.motorola.android.launcher.overlay.tmonosim.rcs.apptray,/product/overlay/folderTmoNoSIMAppTray_google_rcs.apk,Other,0
com.motorola.android.launcher.overlay.vivo,/product/overlay/MotoLauncherOverlayVivo.apk,Other,0
com.motorola.android.launcher.overlay.vzw,/product/overlay/MotoLauncherOverlayVerizon.apk,Other,0
com.motorola.android.nativedropboxagent,/system_ext/priv-app/com.motorola.android.nativedropboxagent/com.motorola.android.nativedropboxagent.apk,Other,0
com.motorola.android.networkstack.overlay.mcc460,/product/overlay/NetworkStackMcc460Overlay.apk,Other,0
com.motorola.android.networkstack.tethering.overlay.motCommon,/product/overlay/TetheringOverlay.apk,Other,0
com.motorola.android.overlay.appclone,/product/overlay/MotoFrameworkResAppcloneOverlay.apk,Other,0
com.motorola.android.overlay.common,/product/overlay/MotoFrameworkResOverlayCommon.apk,Other,0
com.motorola.android.overlay.crystaltalkai,/product/overlay/MotoFrameworkResOverlayCrystalTalkAI.apk,Other,0
com.motorola.android.overlay.fogo,/product/overlay/FrameworkResOverlayFogo.apk,Other,0
com.motorola.android.overlay.lpptoga,/product/overlay/MotoFrameworkResOverlayLPPtoGA.apk,Other,0
com.motorola.android.overlay.midram,/product/overlay/MotoFrameworkResOverlayMidRam.apk,Other,0
com.motorola.android.overlay.qcom.common,/product/overlay/MotoFrameworkResOverlayQcomCommon.apk,Other,0
com.motorola.android.overlay.tmo,/product/overlay/MotoFrameworkResOverlayTMO.apk,Other,0
com.motorola.android.providers.chromehomepage,/system_ext/priv-app/ChromeHomePageProvider/ChromeHomePageProvider.apk,Other,0
com.motorola.android.providers.settings,/system_ext/priv-app/MotorolaSettingsProvider/MotorolaSettingsProvider.apk,Other,0
com.motorola.android.providers.settings.auto_generated_rro_product__,/product/overlay/MotorolaSettingsProvider__fogo_g__auto_generated_rro_product.apk,Other,0
com.motorola.android.providers.settings.overlay.dppcamera,/product/overlay/MotoSettingsProviderOverlayDPPCamera.apk,Other,0
com.motorola.android.providers.settings.overlay.dppnone,/product/overlay/MotoSettingsProviderOverlayDPPNone.apk,Other,0
com.motorola.android.providers.settings.overlay.tmo,/product/overlay/MotoSettingsProviderOverlayTMO.apk,Other,0
com.motorola.android.provisioning,/product/priv-app/OMAProvisioning/OMAProvisioning.apk,Other,0
com.motorola.android.server.telecom.overlay.gms.boost,/product/overlay/MotoTelecommOverlayGmsBOOST.apk,Other,0
com.motorola.android.server.telecom.overlay.jp,/product/overlay/MotoTelecommOverlayJP.apk,Other,0
com.motorola.android.server.telecom.overlay.tmo,/product/overlay/MotoTelecommOverlayTMO.apk,Other,0
com.motorola.android.settings.overlay.appclone,/product/overlay/MotoSettingsAppCloneOverlay.apk,Other,0
com.motorola.android.settings.overlay.att,/product/overlay/MotoSettingsOverlayATT.apk,Other,0
com.motorola.android.settings.overlay.fps.side,/product/overlay/MotoSettingsFPSSideOverlay.apk,Other,0
com.motorola.android.settings.overlay.global,/product/overlay/MotoSettingsGlobalOverlay.apk,Other,0
com.motorola.android.settings.overlay.power.bottom,/product/overlay/MotoSettingsPowerBottomOverlay.apk,Other,0
com.motorola.android.settings.overlay.tmo,/product/overlay/MotoSettingsOverlayTMO.apk,Other,0
com.motorola.android.settings.overlay.vzw,/product/overlay/MotoSettingsOverlayVZW.apk,Other,0
com.motorola.android.systemui.overlay.att,/product/overlay/MotoSystemUIOverlayATT/MotoSystemUIOverlayATT.apk,Other,0
com.motorola.android.systemui.overlay.sprint,/product/overlay/MotoSystemUIOverlaySPRINT/MotoSystemUIOverlaySPRINT.apk,Other,0
com.motorola.android.systemui.overlay.tmo,/product/overlay/MotoSystemUIOverlayTMO/MotoSystemUIOverlayTMO.apk,Other,0
com.motorola.android.systemui.overlay.usc,/product/overlay/MotoSystemUIOverlayUSC/MotoSystemUIOverlayUSC.apk,Other,0
com.motorola.android.systemui.overlay.vzw,/product/overlay/MotoSystemUIOverlayVZW/MotoSystemUIOverlayVZW.apk,Other,0
com.motorola.appdirectedsmsproxy,/system/priv-app/AppDirectedSmsProxy/AppDirectedSmsProxy.apk,Other,0
com.motorola.appforecast,/product/priv-app/MotoAppForecast/MotoAppForecast.apk,Other,0
com.motorola.att.phone.extensions,/product/priv-app/AttPhoneExt/AttPhoneExt.apk,Other,0
com.motorola.att.sim.extensions,/product/priv-app/AttSUWSimExtns/AttSUWSimExtns.apk,Other,0
com.motorola.attvowifi,/product/priv-app/Vowifi/Vowifi.apk,Other,0
com.motorola.audiorecorder,/product/app/AudioRecorder/AudioRecorder.apk,Other,0
com.motorola.bach.modemstats,/system_ext/priv-app/ModemStatsService/ModemStatsService.apk,Other,0
com.motorola.brapps,/product/priv-app/BRApps2/BRApps2.apk,Other,0
com.motorola.bug2go,/system_ext/priv-app/Bug2GoStub/Bug2GoStub.apk,Other,0
com.motorola.callredirectionservice,/product/priv-app/CallRedirectionService/CallRedirectionService.apk,Other,0
com.motorola.camera3,/product/priv-app/MotCamera4/MotCamera4.apk,Other,0
com.motorola.camera3.content.ai,/product/app/MotCamera3AI/MotCamera3AI.apk,Other,0
com.motorola.carrierconfig,/product/priv-app/TMOConfig/TMOConfig.apk,Other,0
com.motorola.carriersettingsext,/product/priv-app/CarrierSettingsExt/CarrierSettingsExt.apk,Other,0
com.motorola.ccc.devicemanagement,/system_ext/priv-app/3c_devicemanagement-binary/3c_devicemanagement-binary.apk,Other,0
com.motorola.ccc.ota,/system_ext/priv-app/3c_ota/3c_ota.apk,Other,0
com.motorola.comcast.settings.extensions,/product/priv-app/ComcastSettingsExt/ComcastSettingsExt.apk,Other,0
com.motorola.comcastext,/product/priv-app/ComcastExt/ComcastExt.apk,Other,0
com.motorola.contacts.preloadcontacts,/product/priv-app/PreloadContacts/PreloadContacts.apk,Other,0
com.motorola.contacts.preloadcontacts.overlay.vzw,/product/overlay/MotoPreloadContactsOverlayVzw.apk,Other,0
com.motorola.coresettingsext,/system_ext/priv-app/CoreSettingsExt/CoreSettingsExt.apk,Other,0
com.motorola.dciservice,/system_ext/app/DciStatsService/DciStatsService.apk,Other,0
com.motorola.default.ringtones.overlay.metro.usku,/product/overlay/MotoSoundPickerOverlayMetro.apk,Other,0
com.motorola.default.ringtones.overlay.tmo.usku,/product/overlay/MotoSoundPickerOverlayTMO.apk,Other,0
com.motorola.demo,/system_ext/priv-app/DemoMode/DemoMode.apk,Other,0
com.motorola.dimo,/system_ext/priv-app/motoDigitalAccount/motoDigitalAccount.apk,Other,0
com.motorola.dolby.dolbyui,/system/app/MotoDolbyDax3/MotoDolbyDax3.apk,Other,0
com.motorola.dynamicvolume,/product/priv-app/MotoMultiVolume/MotoMultiVolume.apk,Other,0
com.motorola.dynamicvolumeoverlay,/product/overlay/MotoAdaptiveVolumeOverlay.apk,Other,0
com.motorola.easyprefix,/product/priv-app/EasyPrefix/EasyPrefix.apk,Other,0
com.motorola.enterprise.adapter.service,/system_ext/priv-app/EnterpriseAdapterService/EnterpriseAdapterService.apk,Other,0
com.motorola.enterprise.service,/system_ext/priv-app/MotoThinkUEM/MotoThinkUEM.apk,Other,0
com.motorola.entitlement,/product/priv-app/Entitlement/Entitlement.apk,Other,0
com.motorola.extensions.tracfone,/product/priv-app/TFUnlock/TFUnlock.apk,Other,0
com.motorola.faceunlock,/product/priv-app/MotoFaceUnlock/MotoFaceUnlock.apk,Other,0
com.motorola.fmplayer,/product/priv-app/FMPlayer/FMPlayer.apk,Other,0
com.motorola.gesture,/system_ext/priv-app/GestureNavigationTutorial/GestureNavigationTutorial.apk,Other,0
com.motorola.help.extlog,/product/priv-app/MotoFeedbackAssistant/MotoFeedbackAssistant.apk,Other,0
com.motorola.hiddenmenuapp,/system_ext/priv-app/HiddenMenu/HiddenMenu.apk,Other,0
com.motorola.imagertuning_v,/system_ext/priv-app/ImagerTuning-V/ImagerTuning-V.apk,Other,0
com.motorola.installer,/system_ext/priv-app/MotoInstaller/MotoInstaller.apk,Other,0
com.motorola.launcher3,/system_ext/priv-app/Launcher3QuickStep/Launcher3QuickStep.apk,Other,0
com.motorola.launcher3.auto_generated_rro_product__,/product/overlay/Launcher3QuickStep__fogo_g__auto_generated_rro_product.apk,Other,0
com.motorola.launcherconfig,/product/app/LauncherConfig/LauncherConfig.apk,Other,0
com.motorola.launcherconfig.overlay.att,/product/overlay/LauncherConfig-rro-att.apk,Other,0
com.motorola.launcherconfig.overlay.attpre,/product/overlay/LauncherConfig-rro-attpre.apk,Other,0
com.motorola.launcherconfig.overlay.boost,/product/overlay/LauncherConfig-rro-boost.apk,Other,0
com.motorola.launcherconfig.overlay.cc,/product/overlay/LauncherConfig-rro-cc.apk,Other,0
com.motorola.launcherconfig.overlay.cricket,/product/overlay/LauncherConfig-rro-cricket.apk,Other,0
com.motorola.launcherconfig.overlay.fi,/product/overlay/LauncherConfig-rro-fi.apk,Other,0
com.motorola.launcherconfig.overlay.fogo,/product/overlay/LauncherConfigOverlayFogo.apk,Other,0
com.motorola.launcherconfig.overlay.fogo.blackbeauty,/product/overlay/LauncherConfigOverlayFogoBlackBeauty.apk,Other,0
com.motorola.launcherconfig.overlay.tmo,/product/overlay/LauncherConfig-rro-tmo.apk,Other,0
com.motorola.launcherconfig.overlay.tracfone,/product/overlay/LauncherConfig-rro-tracfone.apk,Other,0
com.motorola.launcherconfig.overlay.usc,/product/overlay/LauncherConfig-rro-usc.apk,Other,0
com.motorola.launcherconfig.overlay.vzw,/product/overlay/LauncherConfig-rro-vzw.apk,Other,0
com.motorola.launcherconfig.overlay.vzwpre,/product/overlay/LauncherConfig-rro-vzwpre.apk,Other,0
com.motorola.lifetimedata,/system_ext/priv-app/LifetimeData/LifetimeData.apk,Other,0
com.motorola.moto,/product/priv-app/MotoAppUIRefresh/MotoAppUIRefresh.apk,Other,0
com.motorola.motocare,/system_ext/priv-app/MotoCare/MotoCare.apk,Other,0
com.motorola.motocit,/system_ext/priv-app/CQATest/CQATest.apk,Other,0
com.motorola.motosignature.app,/system/app/MotoSignatureApp/MotoSignatureApp.apk,Other,0
com.motorola.motosignature2.app,/system/app/MotoSignature2App/MotoSignature2App.apk,Other,0
com.motorola.msimsettings,/system_ext/priv-app/MSimSettings/MSimSettings.apk,Other,0
com.motorola.msimsettings.overlay,/system_ext/overlay/MSimSettingsOverlay.apk,Other,0
com.motorola.nfwlocationattribution,/system_ext/app/NFWLocationAttribution/NFWLocationAttribution.apk,Other,0
com.motorola.om,/product/priv-app/MotoOm/MotoOm.apk,Other,0
com.motorola.omadm.att,/product/priv-app/AttDM/AttDM.apk,Other,0
com.motorola.omadm.dish,/product/priv-app/DishDM/DishDM.apk,Other,0
com.motorola.omadm.service,/product/priv-app/DMService/DMService.apk,Other,0
com.motorola.omadm.vzw,/product/priv-app/VzwDM/VzwDM.apk,Other,0
com.motorola.overlay.launcher3,/product/overlay/framework-rro-launcher3.apk,Other,0
com.motorola.paks,/system_ext/priv-app/PAKS/PAKS.apk,Other,0
com.motorola.paks.notification,/system_ext/priv-app/PaksNotification/PaksNotification.apk,Other,0
com.motorola.personalize,/system_ext/priv-app/Personalize/Personalize.apk,Other,0
com.motorola.rcsConfigService,/system_ext/priv-app/rcsConfigService/rcsConfigService.apk,Other,0
com.motorola.revoker.services,/system_ext/priv-app/RevokerServices/RevokerServices.apk,Other,0
com.motorola.safetycenter.resources.overlay,/product/overlay/MotoSafetyCenterResourceOverlay.apk,Other,0
com.motorola.securityhub,/system_ext/priv-app/MotoSecurityHub/MotoSecurityHub.apk,Other,0
com.motorola.securityhubext,/system_ext/priv-app/MotoSecurityHubExt/MotoSecurityHubExt.apk,Other,0
com.motorola.settings,/product/priv-app/SprintSettings/SprintSettings.apk,Other,0
com.motorola.settings.overlay.comcast,/product/overlay/MotoSettingsOverlayComcast.apk,Other,0
com.motorola.settings.overlay.full_ds_opportunistic,/product/overlay/MotoSettingsOverlayFullDSOpportunistic.apk,Other,0
com.motorola.setup,/system_ext/priv-app/SetupWizardExt/SetupWizardExt.apk,Other,0
com.motorola.setup.auto_generated_rro_product__,/product/overlay/SetupWizardExt__fogo_g__auto_generated_rro_product.apk,Other,0
com.motorola.setup.overlay.att,/product/overlay/MotoSetupWizardExtOverlayAtt.apk,Other,0
com.motorola.setup.overlay.att.simoobe,/product/overlay/MotoSetupWizardExtOverlayAttSimOobe.apk,Other,0
com.motorola.setup.overlay.boost,/product/overlay/MotoSetupWizardExtOverlayBoost.apk,Other,0
com.motorola.setup.overlay.comcast,/product/overlay/MotoSetupWizardExtOverlayComcast.apk,Other,0
com.motorola.setup.overlay.disable.staytouch,/product/overlay/SetupWizardExt-rro-disableStayTouch.apk,Other,0
com.motorola.setup.overlay.pai,/product/overlay/MotoSetupWizardExtOverlayPai.apk,Other,0
com.motorola.setup.overlay.primaryesim,/product/overlay/MotoSetupWizardExtOverlayPrimaryEsim.apk,Other,0
com.motorola.setup.overlay.tmo,/product/overlay/MotoSetupWizardExtOverlayTmo.apk,Other,0
com.motorola.setup.overlay.tracfone,/product/overlay/MotoSetupWizardExtOverlayTracfone.apk,Other,0
com.motorola.setup.overlay.vzw,/product/overlay/MotoSetupWizardExtOverlayVZW.apk,Other,0
com.motorola.setupwizard.controller,/product/priv-app/VzwController/VzwController.apk,Other,0
com.motorola.setupwizard.devicesetup,/product/priv-app/VzwDeviceSetup/VzwDeviceSetup.apk,Other,0
com.motorola.setupwizard.phoneservice,/product/priv-app/VzwPhoneService/VzwPhoneService.apk,Other,0
com.motorola.slpc_sys,/system_ext/app/SlpcSystem/SlpcSystem.apk,Other,0
com.motorola.smart5g,/system_ext/priv-app/MotoSmart5G/MotoSmart5G.apk,Other,0
com.motorola.spaces,/product/priv-app/MotoSpaces/MotoSpaces.apk,Other,0
com.motorola.spectrum.setup.extensions,/system_ext/priv-app/SpectrumSetupExt/SpectrumSetupExt.apk,Other,0
com.motorola.sprint.setupext,/product/priv-app/SprintSetupExt/SprintSetupExt.apk,Other,0
com.motorola.sstservice,/system_ext/priv-app/MotoSstSoundService/MotoSstSoundService.apk,Other,0
com.motorola.systemserver,/system/priv-app/MotoSystemServer/MotoSystemServer.apk,Other,0
com.motorola.systemui.overlay.jp,/product/overlay/MotoSystemUIOverlayJP.apk,Other,0
com.motorola.thermalservice,/product/app/ThermalService/ThermalService.apk,Other,0
com.motorola.thermalservice.overlay.tmo,/product/overlay/ThermalServiceOverlayTMO.apk,Other,0
com.motorola.timeweatherwidget,/product/app/TimeWeather/TimeWeather.apk,Other,0
com.motorola.tmo.settingsext,/product/priv-app/TmoSettingsExt/TmoSettingsExt.apk,Other,0
com.motorola.tmo.setupext,/product/priv-app/TmoSetupExt/TmoSetupExt.apk,Other,0
com.motorola.tracfone.rsu,/product/priv-app/TFRsu/TFRsu.apk,Other,0
com.motorola.visualvoicemail,/product/priv-app/VVM3/VVM3.apk,Other,0
com.motorola.vzw.cloudsetup,/product/priv-app/CloudSetup/CloudSetup.apk,Other,0
com.motorola.vzw.pco.extensions.pcoreceiver,/product/priv-app/vzwPcoExt/vzwPcoExt.apk,Other,0
com.motorola.vzw.phone.extensions,/product/priv-app/vzwPhoneExt/vzwPhoneExt.apk,Other,0
com.motorola.vzw.provider,/product/priv-app/VzwUnifiedSettingsApp/VzwUnifiedSettingsApp.apk,Other,0
com.motorola.vzw.settings.extensions,/product/priv-app/VzwSettingsExt/VzwSettingsExt.apk,Other,0
com.motorola.vzw.voicemail.extensions,/product/priv-app/VzwVoicemailExt/VzwVoicemailExt.apk,Other,0
com.motorola.wifi.motowifimetrics,/system_ext/priv-app/MotoWifiMetrics/MotoWifiMetrics.apk,Other,0
com.oem.euiccpartnerapp,/product/app/EuiccPartnerApp/EuiccPartnerApp.apk,Other,0
com.oem.euiccpartnerapp.overlay.att,/product/overlay/EuiccPartnerAppATTRRO.apk,Other,0
com.oem.euiccpartnerapp.overlay.br,/product/overlay/EuiccPartnerAppBRRRO.apk,Other,0
com.oem.euiccpartnerapp.overlay.cc,/product/overlay/EuiccPartnerAppCCRRO.apk,Other,0
com.oem.euiccpartnerapp.overlay.dish,/product/overlay/EuiccPartnerAppDISHRRO.apk,Other,0
com.oem.euiccpartnerapp.overlay.na,/product/overlay/EuiccPartnerAppNARRO.apk,Other,0
com.oem.euiccpartnerapp.overlay.retca,/product/overlay/EuiccPartnerAppRETCARRO.apk,Other,0
com.oem.euiccpartnerapp.overlay.tmo,/product/overlay/EuiccPartnerAppTMORRO.apk,Other,0
com.oem.euiccpartnerapp.overlay.vzw,/product/overlay/EuiccPartnerAppVZWRRO.apk,Other,0
com.qti.dpmserviceapp,/system_ext/priv-app/dpmserviceapp/dpmserviceapp.apk,Other,0
com.qti.phone,/system_ext/priv-app/QtiTelephony/QtiTelephony.apk,Other,0
com.qti.qualcomm.datastatusnotification,/product/app/datastatusnotification/datastatusnotification.apk,Other,0
com.qualcomm.atfwd,/system_ext/app/atfwd/atfwd.apk,Other,0
com.qualcomm.atfwd2,/system_ext/app/AtFwd2/AtFwd2.apk,Other,0
com.qualcomm.location,/system_ext/priv-app/com.qualcomm.location/com.qualcomm.location.apk,Other,0
com.qualcomm.qcrilmsgtunnel,/system_ext/priv-app/qcrilmsgtunnel/qcrilmsgtunnel.apk,Other,0
com.qualcomm.qti.cne,/vendor/app/CneApp/CneApp.apk,Other,0
com.qualcomm.qti.dynamicddsservice,/system_ext/app/DynamicDDSService/DynamicDDSService.apk,Other,0
com.qualcomm.qti.remoteSimlockAuth,/product/app/remoteSimLockAuthentication/remoteSimLockAuthentication.apk,Other,0
com.qualcomm.qti.telephonyservice,/system_ext/app/QtiTelephonyService/QtiTelephonyService.apk,Other,0
com.qualcomm.qti.uceShimService,/system_ext/app/uceShimService/uceShimService.apk,Other,0
com.qualcomm.qti.uim,/product/app/remotesimlockservice/remotesimlockservice.apk,Other,0
com.qualcomm.qti.uimGbaApp,/product/app/uimgbaservice/uimgbaservice.apk,Other,0
com.qualcomm.qti.workloadclassifier,/system_ext/app/workloadclassifier/workloadclassifier.apk,Other,0
com.qualcomm.qti.xrcb,/system_ext/priv-app/xrcbservice/xrcbservice.apk,Other,0
com.qualcomm.qti.xrvd.service,/system_ext/priv-app/xrvdservice/xrvdservice.apk,Other,0
com.qualcomm.timeservice,/vendor/app/TimeService/TimeService.apk,Other,0
com.qualcomm.wfd.service,/system_ext/priv-app/WfdService/WfdService.apk,Other,0
com.securityandprivacy.android.verizon.vms,/product/priv-app/VzwSecurityPrivacy/VzwSecurityPrivacy.apk,Other,0
com.spectrum.cm.headless,/product/priv-app/SpectrumCM/SpectrumCM.apk,Other,0
com.swishme.tracfone,/product/app/TFDashboard/TFDashboard.apk,Other,0
com.tmobile.dm.cm,/product/priv-app/ContentManager/ContentManager.apk,Other,0
com.tmobile.echolocate,/product/priv-app/EchoLocate/EchoLocate.apk,Other,0
com.tmobile.echolocate.system,/product/priv-app/TrafficStatsProvider/TrafficStatsProvider.apk,Other,0
com.tmobile.m1,/product/priv-app/TmoMinusOne/TmoMinusOne.apk,Other,0
com.tmobile.rsuadapter.qualcomm,/product/priv-app/RSU-ADAPTER/RSU-ADAPTER.apk,Other,0
com.tmobile.rsuapp,/product/priv-app/TMO_RSU_2/TMO_RSU_2.apk,Other,0
com.tmobile.rsusrv,/product/priv-app/RSU-SERVER/RSU-SERVER.apk,Other,0
com.tracfone.generic.mysites,/product/app/TFMySites/TFMySites.apk,Other,0
com.tracfone.preload.accountservices,/product/priv-app/TFDevicePulse/TFDevicePulse.apk,Other,0
com.uscc.ecid,/product/priv-app/CallGuardian/CallGuardian.apk,Other,0
com.vcast.mediamanager,/product/priv-app/VzwCloud-v25-3-18/VzwCloud-v25-3-18.apk,Other,0
com.verizon.mips.services,/product/priv-app/MVS-Lite/MVS-Lite.apk,Other,0
com.verizon.obdm,/product/priv-app/VzwOBDMStub/VzwOBDMStub.apk,Other,0
com.vzw.apnlib,/product/app/VzwAPNLibWs/VzwAPNLibWs.apk,Other,0
com.vzw.ecid,/product/priv-app/VzwECID/VzwECID.apk,Other,0
com.vzw.hss.myverizon,/product/priv-app/VzwMyVerizon-v20-8-3/VzwMyVerizon-v20-8-3.apk,Other,0
com.xfinitymobile.cometcarrierservice,/product/priv-app/ComcastCarrier/ComcastCarrier.apk,Other,0
org.codeaurora.ims,/system_ext/priv-app/ims/ims.apk,Other,0
vendor.qti.data.ntnsatapp,/system_ext/app/NtnSatApp/NtnSatApp.apk,Other,0
vendor.qti.hardware.cacert.server,/vendor/app/CACertService/CACertService.apk,Other,0
vendor.qti.imsrcs,/system_ext/app/ImsRcsService/ImsRcsService.apk,Other,0
vendor.qti.iwlan,/vendor/app/IWlanService/IWlanService.apk,Other,0
